Rk,School,Conf,,W,L,Pts,Opp,MOV,,SOS,,OSRS,DSRS,SRS,ORtg,DRtg,NRtg
1,Georgetown,Big East,,35,3,74.3,57.3,17.05,,5.77,,6.68,14.21,20.89,,,
2,Illinois,Big Ten,,26,9,68.9,57.2,11.69,,8.14,,1.87,16.98,18.85,,,
3,Michigan,Big Ten,,26,4,78.2,68.6,9.60,,8.67,,13.23,5.38,18.60,,,
4,Duke,ACC,,23,8,78.9,67.9,11.00,,7.38,,15.41,2.97,18.38,,,
5,Oklahoma,Big 8,,31,6,89.9,75.6,14.35,,5.64,,22.13,-4.01,18.12,,,
6,St. John's (NY),Big East,,31,4,75.7,64.7,11.03,,7.07,,10.56,7.54,18.09,,,
7,Iowa,Big Ten,,21,11,70.2,58.8,11.41,,6.84,,4.26,12.43,16.68,,,
8,Georgia Tech,ACC,,27,8,69.9,60.9,9.03,,7.42,,4.52,11.94,16.45,,,
9,Georgia,SEC,,22,9,76.7,66.8,9.90,,7.17,,11.62,4.03,15.65,,,
10,North Carolina,ACC,,27,9,73.5,66.0,7.53,,8.13,,8.11,7.22,15.33,,,
11,Indiana,Big Ten,,19,14,71.2,65.5,5.64,,9.60,,8.24,7.00,15.23,,,
12,NC State,ACC,,23,10,73.3,65.0,8.24,,6.78,,6.74,8.28,15.02,,,
13,Memphis,Metro,,31,4,72.9,63.7,9.29,,5.73,,6.45,8.48,14.93,,,
14,Alabama,SEC,,23,10,67.4,60.1,7.30,,7.15,,2.23,12.23,14.46,,,
15,Virginia Commonwealth,Sun Belt,,26,6,72.3,62.7,9.63,,4.61,,5.62,8.62,14.24,,,
16,Maryland,ACC,,25,12,70.3,65.0,5.35,,8.47,,5.09,8.83,13.92,,,
17,Virginia Tech,Metro,,20,9,80.7,69.3,11.38,,2.41,,12.54,1.29,13.84,,,
18,Michigan State,Big Ten,,19,10,72.2,66.2,5.97,,7.70,,7.40,6.31,13.70,,,
19,Purdue,Big Ten,,20,9,69.3,64.6,4.66,,10.01,,4.93,8.69,13.62,,,
20,Ohio State,Big Ten,,20,10,77.3,73.0,4.33,,8.25,,14.09,-1.51,12.58,,,
21,Syracuse,Big East,,22,9,73.0,67.9,5.13,,7.05,,7.79,4.39,12.17,,,
22,DePaul,Ind,,19,10,71.6,63.3,8.34,,4.82,,4.84,7.20,12.04,,,
23,Villanova,Big East,,25,10,68.7,63.9,4.74,,7.29,,3.08,8.95,12.03,,,
24,Louisiana State,SEC,,19,10,73.4,69.4,4.00,,8.00,,7.62,4.38,12.00,,,
25,Washington,Pac-10,,22,10,64.9,58.8,6.09,,5.88,,0.30,11.67,11.98,,,
26,Kansas,Big 8,,26,8,75.4,69.4,5.97,,6.27,,7.78,4.06,11.83,,,
27,Florida,SEC,,18,12,73.7,68.2,5.47,,7.87,,7.36,4.30,11.66,,,
28,Southern Methodist,SWC,,23,10,75.5,67.5,7.97,,3.33,,7.17,4.42,11.58,,,
29,Kentucky,SEC,,18,13,65.7,63.7,1.97,,9.57,,1.37,10.17,11.54,,,
30,Tulsa,MVC,,23,8,81.5,72.9,8.61,,3.75,,11.20,0.06,11.25,,,
31,Louisiana Tech,Southland,,29,3,77.9,65.1,12.81,,-1.36,,5.91,5.28,11.19,,,
32,Auburn,SEC,,22,12,70.3,65.2,5.06,,7.92,,4.94,6.23,11.17,,,
33,Arizona,Pac-10,,21,10,68.5,60.3,8.23,,4.44,,0.53,10.52,11.05,,,
34,Boston College,Big East,,20,11,74.8,68.0,6.74,,6.24,,7.14,3.85,11.00,,,
35,Notre Dame,Ind,,21,9,69.8,62.3,7.43,,3.66,,3.32,7.64,10.96,,,
36,UCLA,Pac-10,,21,12,69.2,63.5,5.70,,5.12,,4.20,6.48,10.68,,,
37,Loyola (IL),MW City,,27,6,83.5,77.3,6.21,,4.07,,16.68,-6.40,10.29,,,
38,Texas Tech,SWC,,23,8,69.0,63.0,5.94,,4.17,,0.88,9.19,10.07,,,
39,Wake Forest,ACC,,15,14,73.1,68.7,4.41,,6.98,,7.40,2.51,9.91,,,
40,Arkansas,SWC,,22,13,65.3,61.7,3.60,,6.19,,-0.62,10.42,9.79,,,
41,Nevada-Las Vegas,PCAA,,28,4,80.5,70.4,10.03,,0.17,,12.68,-2.98,9.70,,,
42,Tennessee,SEC,,22,15,74.6,72.1,2.49,,7.16,,9.67,-0.03,9.65,,,
43,UAB,Sun Belt,,25,9,67.7,62.4,5.24,,5.17,,-1.24,10.51,9.26,,,
44,Dayton,Ind,,19,10,68.8,64.1,4.69,,4.55,,2.47,6.78,9.24,,,
45,Wichita State,MVC,,18,13,76.3,70.8,5.52,,4.33,,7.74,1.40,9.13,,,
46,Iowa State,Big 8,,21,13,75.1,67.6,7.50,,5.61,,3.37,5.51,8.87,,,
47,Mississippi State,SEC,,13,15,64.6,64.0,0.57,,9.08,,0.24,8.50,8.73,,,
48,Southern California,Pac-10,,19,10,67.9,64.4,3.55,,5.14,,3.25,5.44,8.69,,,
49,Illinois State,MVC,,22,8,70.4,65.0,5.33,,3.21,,1.58,7.08,8.66,,,
50,Florida State,Metro,,14,16,76.7,71.8,4.93,,7.73,,9.75,-1.10,8.65,,,
51,Oregon State,Pac-10,,22,9,63.3,57.7,5.61,,4.26,,-2.21,10.67,8.46,,,
52,UTEP,WAC,,22,10,73.8,67.3,6.53,,1.46,,3.85,4.36,8.20,,,
53,Clemson,ACC,,16,13,75.0,71.0,4.00,,5.53,,8.01,0.05,8.06,,,
54,Virginia,ACC,,17,16,61.2,59.6,1.67,,8.23,,-4.38,12.41,8.03,,,
55,Louisville,Metro,,19,18,69.9,69.8,0.14,,8.20,,3.06,4.65,7.71,,,
56,Temple,A-10,,25,6,62.9,56.0,6.94,,0.67,,-3.48,11.15,7.67,,,
57,Marquette,Ind,,20,11,66.3,60.6,5.74,,1.85,,-1.24,8.83,7.59,,,
58,Old Dominion,Sun Belt,,19,12,74.2,71.8,2.45,,6.10,,8.33,-0.89,7.43,,,
59,Pittsburgh,Big East,,17,12,70.7,67.3,3.38,,5.61,,2.95,4.25,7.20,,,
60,Texas A&M,SWC,,19,11,69.0,64.6,4.40,,3.71,,1.58,5.61,7.19,,,
61,San Diego State,WAC,,23,8,80.4,72.3,8.16,,-1.01,,10.90,-3.75,7.15,,,
62,Navy,ECACS,,26,6,78.4,65.3,13.03,,-3.79,,7.01,-0.03,6.97,,,
63,Lamar,Southland,,20,12,75.1,67.6,7.44,,-0.62,,4.56,2.10,6.66,,,
64,Miami (OH),MAC,,20,11,72.8,68.0,4.87,,2.40,,3.96,2.68,6.64,,,
65,South Florida,Sun Belt,,18,12,68.3,63.4,4.90,,1.64,,-0.55,7.09,6.54,,,
66,Missouri,Big 8,,18,14,72.1,69.7,2.38,,5.67,,2.97,3.43,6.40,,,
67,Nebraska,Big 8,,16,14,71.8,69.0,2.87,,5.34,,2.01,4.25,6.26,,,
68,Weber State,Big Sky,,20,9,76.9,66.6,10.28,,-2.28,,5.45,0.70,6.15,,,
69,Western Kentucky,Sun Belt,,14,14,70.3,65.0,5.21,,2.23,,2.05,4.11,6.15,,,
70,Santa Clara,WCAC,,20,9,73.1,65.6,7.52,,0.34,,5.29,0.81,6.10,,,
71,South Alabama,Sun Belt,,15,13,76.8,70.8,6.04,,1.02,,6.66,-0.64,6.02,,,
72,Louisiana,Ind,,17,14,75.0,67.9,7.06,,0.79,,5.09,0.67,5.76,,,
73,Minnesota,Big Ten,,13,15,66.6,69.4,-2.79,,8.75,,2.90,2.67,5.57,,,
74,Bradley,MVC,,17,13,70.0,68.6,1.47,,4.34,,1.26,4.11,5.37,,,
75,Tulane,Metro,,15,13,62.4,60.9,1.54,,4.00,,-6.35,11.61,5.26,,,
76,Houston,SWC,,16,14,77.8,75.4,2.33,,4.94,,11.45,-6.21,5.24,,,
77,Oral Roberts,MW City,,15,15,74.9,73.3,1.67,,3.99,,6.44,-1.21,5.23,,,
78,Jacksonville,Sun Belt,,15,14,68.6,65.9,2.69,,3.18,,1.06,3.94,5.00,,,
79,West Virginia,A-10,,20,9,67.0,62.6,4.48,,0.97,,0.76,4.14,4.90,,,
80,Ohio,MAC,,22,8,67.1,62.9,4.23,,0.88,,-4.26,9.14,4.88,,,
81,TCU,SWC,,16,12,69.8,64.0,5.75,,2.84,,-1.31,6.03,4.72,,,
82,Richmond,ECACS,,21,11,68.3,62.6,5.72,,-1.23,,-1.26,5.65,4.39,,,
83,Kansas State,Big 8,,14,14,68.2,66.6,1.54,,3.29,,-0.72,5.05,4.33,,,
84,Fresno State,PCAA,,23,9,59.6,53.0,6.56,,-0.24,,-10.37,14.58,4.21,,,
85,Cincinnati,Metro,,17,14,63.7,65.5,-1.81,,6.83,,-1.32,5.53,4.20,,,
86,Saint Joseph's,A-10,,19,12,64.8,61.5,3.29,,0.97,,-3.38,7.58,4.19,,,
87,Xavier,MW City,,16,13,71.9,69.6,2.28,,2.62,,3.10,1.09,4.19,,,
88,Detroit Mercy,MW City,,16,12,74.0,73.2,0.79,,3.89,,5.59,-1.44,4.15,,,
89,Oregon,Pac-10,,15,16,61.8,61.9,-0.10,,5.27,,-2.39,6.49,4.09,,,
90,Oklahoma State,Big 8,,12,16,73.7,73.7,-0.04,,4.61,,6.20,-2.28,3.92,,,
91,Texas,SWC,,15,13,65.4,63.8,1.64,,4.15,,-3.47,7.38,3.91,,,
92,Southern Illinois,MVC,,14,14,73.0,71.8,1.18,,3.62,,4.53,-0.76,3.77,,,
93,Vanderbilt,SEC,,11,17,70.5,72.4,-1.93,,5.69,,4.67,-0.91,3.76,,,
94,Nevada,Big Sky,,21,10,77.9,70.4,7.55,,0.96,,8.14,-4.38,3.75,,,
95,Connecticut,Big East,,13,15,71.1,71.2,-0.07,,3.67,,3.21,0.39,3.60,,,
96,Wisconsin,Big Ten,,14,14,70.3,71.9,-1.64,,7.35,,3.45,0.06,3.51,,,
97,Pepperdine,WCAC,,23,9,75.8,71.0,4.84,,-1.26,,6.15,-2.66,3.49,,,
98,New Mexico,WAC,,19,13,70.4,66.8,3.63,,0.50,,0.77,2.61,3.37,,,
99,Creighton,MVC,,20,12,74.3,73.2,1.19,,5.37,,4.57,-1.29,3.29,,,
100,Iona,MAAC,,26,5,74.6,67.5,7.19,,-3.87,,2.54,0.66,3.19,,,
101,Murray State,OVC,,19,9,66.9,60.0,6.86,,-4.08,,-3.54,6.00,2.46,,,
102,Toledo,MAC,,16,12,69.3,67.1,2.18,,0.83,,-1.08,3.54,2.46,,,
103,George Washington,A-10,,14,14,69.7,64.4,5.32,,-1.66,,0.99,1.42,2.41,,,
104,Northeastern,ECACN,,22,9,79.0,69.4,9.61,,-4.48,,6.10,-3.72,2.38,,,
105,Montana,Big Sky,,22,8,68.4,61.0,7.33,,-1.93,,-2.84,5.17,2.34,,,
106,South Carolina,Metro,,15,13,74.7,73.8,0.86,,2.97,,5.55,-3.38,2.17,,,
107,Indiana State,MVC,,14,15,78.1,77.7,0.48,,4.44,,8.42,-6.30,2.13,,,
108,California,Pac-10,,13,15,62.1,61.8,0.25,,4.32,,-4.94,7.01,2.08,,,
109,Alcorn State,SWAC,,23,7,85.2,76.2,9.00,,-5.58,,8.84,-6.84,2.00,,,
110,Kent State,MAC,,17,13,71.7,70.2,1.47,,1.21,,2.30,-0.33,1.97,,,
111,Marshall,Southern,,21,13,75.2,69.4,5.82,,-2.46,,4.43,-2.48,1.94,,,
112,San Jose State,PCAA,,16,13,70.4,63.7,6.72,,-0.47,,-0.79,2.73,1.94,,,
113,Canisius,ECACN,,20,10,72.9,64.1,8.80,,-5.41,,0.92,1.00,1.92,,,
114,Eastern Michigan,MAC,,15,13,75.6,73.8,1.79,,0.94,,5.28,-3.45,1.83,,,
115,Arizona State,Pac-10,,12,16,67.8,71.3,-3.46,,5.88,,3.66,-1.86,1.80,,,
116,Chattanooga,Southern,,24,8,71.4,66.4,5.06,,-2.04,,-0.35,2.07,1.72,,,
117,Cleveland State,Mid-Cont,,21,8,81.5,71.5,10.03,,-4.90,,9.41,-7.69,1.71,,,
118,Brigham Young,WAC,,15,14,75.0,74.4,0.55,,1.15,,5.66,-3.96,1.70,,,
119,Tennessee Tech,OVC,,19,9,72.2,66.2,5.96,,-1.48,,0.51,0.97,1.48,,,
120,George Mason,ECACS,,18,11,78.8,73.6,5.21,,-3.62,,8.49,-7.05,1.45,,,
121,McNeese State,Southland,,18,10,76.3,71.2,5.04,,-0.49,,3.76,-2.42,1.35,,,
122,Washington State,Pac-10,,13,15,64.0,65.6,-1.61,,4.47,,-0.76,2.07,1.31,,,
123,Ball State,MAC,,13,16,76.7,75.1,1.66,,-0.36,,7.00,-5.71,1.30,,,
124,Southern Mississippi,Metro,,7,21,68.5,72.3,-3.79,,6.94,,1.54,-0.32,1.22,,,
125,Saint Mary's (CA),WCAC,,15,12,67.4,62.2,5.19,,-0.53,,-3.12,4.34,1.21,,,
126,Rutgers,A-10,,16,14,71.5,69.0,2.43,,-0.58,,5.04,-4.05,0.99,,,
127,Butler,MW City,,19,10,68.2,66.9,1.34,,0.64,,-2.90,3.66,0.76,,,
128,Colorado State,WAC,,18,12,69.1,66.7,2.43,,-0.95,,-2.07,2.80,0.73,,,
129,Fordham,MAAC,,19,12,66.9,63.6,3.29,,-2.74,,-3.60,4.22,0.62,,,
130,Southern,SWAC,,19,11,83.8,77.7,6.10,,-5.51,,10.18,-9.66,0.52,,,
131,Utah,WAC,,15,16,71.0,72.0,-1.06,,2.05,,2.23,-1.75,0.48,,,
132,Mercer,TAAC,,22,9,78.0,69.6,8.32,,-7.18,,5.72,-5.42,0.30,,,
133,Northwestern,Big Ten,,6,22,56.3,65.0,-8.71,,11.32,,-9.07,9.31,0.24,,,
134,Cal State Fullerton,PCAA,,17,13,67.8,65.9,1.87,,-0.93,,-1.83,2.00,0.17,,,
135,Utah State,PCAA,,17,11,81.9,81.3,0.57,,-0.37,,13.69,-13.54,0.15,,,
136,Mississippi,SEC,,11,17,60.9,66.0,-5.04,,8.60,,-6.60,6.64,0.04,,,
137,Saint Louis,MW City,,13,15,66.0,65.0,1.04,,1.00,,-7.11,7.03,-0.08,,,
138,Seton Hall,Big East,,10,18,72.3,74.8,-2.46,,4.61,,5.60,-5.75,-0.15,,,
139,Boise State,Big Sky,,16,13,67.8,63.0,4.76,,-1.62,,-3.34,3.12,-0.22,,,
140,Providence,Big East,,11,20,65.1,71.5,-6.48,,6.58,,-0.43,0.15,-0.28,,,
141,Youngstown State,OVC,,19,11,69.5,67.5,1.97,,-2.04,,-0.65,0.16,-0.49,,,
142,Drake,MVC,,12,15,66.3,67.6,-1.30,,2.67,,-2.76,2.18,-0.58,,,
143,St. Bonaventure,A-10,,14,15,64.8,62.9,1.90,,-0.05,,-3.09,2.49,-0.60,,,
144,Georgia Southern,TAAC,,24,5,69.4,60.4,9.03,,-9.74,,-5.92,5.27,-0.66,,,
145,Stanford,Pac-10,,11,17,67.7,67.8,-0.11,,4.10,,0.12,-0.85,-0.74,,,
146,Wyoming,WAC,,15,14,65.4,65.5,-0.10,,1.18,,-5.64,4.86,-0.78,,,
147,Baylor,SWC,,11,17,81.8,81.0,0.79,,3.79,,12.28,-13.07,-0.80,,,
148,Rice,SWC,,11,16,65.0,66.8,-1.78,,5.20,,-3.72,2.80,-0.92,,,
149,Louisiana-Monroe,Southland,,17,12,73.1,69.0,4.10,,-4.65,,-0.71,-0.31,-1.02,,,
150,William & Mary,ECACS,,16,12,66.5,65.3,1.18,,-0.88,,-3.65,2.52,-1.14,,,
151,Hawaii,WAC,,10,18,69.4,74.9,-5.46,,2.10,,1.17,-2.68,-1.51,,,
152,Siena,ECACN,,22,7,72.7,64.2,8.48,,-7.73,,0.06,-1.64,-1.59,,,
153,Colorado,Big 8,,11,17,72.0,76.5,-4.50,,5.27,,3.44,-5.12,-1.69,,,
154,Houston Christian,TAAC,,21,8,70.1,62.5,7.66,,-6.36,,-4.91,3.15,-1.76,,,
155,James Madison,ECACS,,14,14,62.9,62.3,0.61,,-0.10,,-7.13,5.31,-1.83,,,
156,Eastern Illinois,Mid-Cont,,20,10,76.6,70.3,6.23,,-5.96,,1.48,-3.37,-1.89,,,
157,Evansville,MW City,,13,16,70.0,73.0,-3.00,,1.70,,1.88,-3.82,-1.93,,,
158,Missouri State,Mid-Cont,,17,13,71.5,65.8,5.63,,-3.64,,-2.44,0.46,-1.98,,,
159,Southeastern Louisiana,GSC,,18,9,73.1,70.3,2.81,,-4.82,,0.33,-2.32,-1.99,,,
160,San Diego,WCAC,,16,11,61.6,59.2,2.41,,-1.12,,-8.61,6.57,-2.04,,,
161,Western Michigan,MAC,,12,16,76.2,77.3,-1.04,,1.99,,5.89,-7.95,-2.06,,,
162,Northern Arizona,Big Sky,,17,12,69.3,67.8,1.52,,-0.47,,-2.15,0.03,-2.12,,,
163,Gonzaga,WCAC,,15,13,59.3,58.1,1.21,,-0.76,,-11.16,9.00,-2.16,,,
164,UTSA,Ind,,18,10,76.6,72.3,4.32,,-6.42,,2.88,-5.06,-2.18,,,
165,Mississippi Valley State,SWAC,,18,11,78.2,72.1,6.03,,-7.29,,3.66,-5.91,-2.25,,,
166,Middle Tennessee,OVC,,17,14,69.1,66.9,2.16,,-1.72,,-1.71,-0.60,-2.31,,,
167,West Texas A&M,MVC,,11,17,74.4,74.8,-0.36,,3.86,,0.42,-2.73,-2.31,,,
168,Boston University,ECACN,,15,15,68.8,66.4,2.40,,-4.70,,-1.68,-1.09,-2.77,,,
169,Chicago State,Ind,,16,11,73.9,70.0,3.89,,-4.94,,1.33,-4.19,-2.86,,,
170,Montana State,Big Sky,,11,17,68.1,67.5,0.64,,-1.16,,-0.28,-2.60,-2.88,,,
171,Eastern Kentucky,OVC,,16,13,67.4,64.8,2.62,,-2.46,,-4.97,2.04,-2.94,,,
172,The Citadel,Southern,,18,11,77.5,75.1,2.41,,-3.16,,5.15,-8.11,-2.96,,,
173,UC Santa Barbara,PCAA,,12,16,68.5,70.1,-1.64,,-0.38,,-2.45,-0.70,-3.15,,,
174,Davidson,Southern,,10,19,69.6,71.7,-2.10,,-0.22,,-2.87,-0.46,-3.33,,,
175,UC Irvine,PCAA,,13,17,75.9,77.4,-1.43,,-0.69,,7.05,-10.42,-3.37,,,
176,Little Rock,TAAC,,17,13,71.9,69.6,2.30,,-5.70,,-1.14,-2.43,-3.56,,,
177,La Salle,MAAC,,15,13,73.6,74.9,-1.29,,-2.28,,4.08,-7.65,-3.57,,,
178,New Orleans,Ind,,11,19,66.3,70.4,-4.07,,1.49,,-3.37,-0.21,-3.58,,,
179,Bowling Green State,MAC,,12,15,64.9,69.6,-4.70,,-1.06,,-2.76,-0.83,-3.59,,,
180,Pennsylvania,Ivy,,13,14,67.9,67.3,0.59,,-4.27,,-0.87,-2.81,-3.67,,,
181,Nicholls State,GSC,,17,10,70.8,66.9,3.96,,-8.83,,-1.23,-2.48,-3.70,,,
182,Massachusetts,A-10,,13,15,63.5,65.5,-2.07,,-1.69,,-4.05,0.29,-3.76,,,
183,Cornell,Ivy,,14,12,62.0,58.7,3.35,,-6.10,,-8.16,4.35,-3.80,,,
184,Samford,TAAC,,18,12,74.5,70.7,3.87,,-6.98,,1.60,-5.42,-3.82,,,
185,Army,MAAC,,16,13,66.8,66.2,0.52,,-3.65,,-5.80,1.76,-4.04,,,
186,Idaho State,Big Sky,,15,18,74.0,74.0,0.00,,-2.05,,3.24,-7.29,-4.05,,,
187,Portland,WCAC,,14,14,62.8,64.3,-1.46,,-0.13,,-6.74,2.66,-4.08,,,
188,Northern Illinois,MAC,,11,16,69.1,71.9,-2.78,,1.50,,-2.04,-2.10,-4.14,,,
189,Saint Peter's,MAAC,,15,14,63.9,62.3,1.59,,-5.31,,-8.52,4.17,-4.35,,,
190,Texas Southern,SWAC,,11,17,71.9,70.9,1.00,,-4.34,,-2.71,-1.71,-4.42,,,
191,VMI,Southern,,16,14,62.1,60.5,1.57,,-2.43,,-11.28,6.77,-4.51,,,
192,Arkansas State,Southland,,14,14,65.8,66.1,-0.32,,-1.68,,-7.36,2.80,-4.56,,,
193,Marist,ECACM,,17,12,63.4,58.4,5.00,,-8.32,,-11.09,6.52,-4.57,,,
194,Niagara,ECACN,,16,12,70.8,68.5,2.25,,-4.76,,-0.58,-4.03,-4.61,,,
195,FDU,ECACM,,21,10,68.1,64.2,3.87,,-7.61,,-6.13,1.45,-4.68,,,
196,Western Carolina,Southern,,14,14,72.5,70.0,2.57,,-4.73,,1.65,-6.35,-4.69,,,
197,Appalachian State,Southern,,14,14,72.0,68.9,3.11,,-2.18,,-4.33,-0.64,-4.97,,,
198,Texas-Rio Grande Valley,Ind,,12,16,67.2,67.3,-0.04,,-2.39,,-3.47,-1.75,-5.22,,,
199,Central Michigan,MAC,,9,18,70.8,74.7,-3.89,,0.37,,-0.85,-4.82,-5.68,,,
200,Utica,Ind,,15,12,65.9,61.4,4.48,,-6.34,,-8.15,2.42,-5.73,,,
201,Air Force,WAC,,8,20,64.3,67.1,-2.89,,-0.31,,-6.64,0.53,-6.11,,,
202,New Mexico State,PCAA,,7,20,65.9,74.8,-8.89,,1.06,,0.19,-6.32,-6.12,,,
203,Loyola Marymount,WCAC,,11,16,68.5,69.1,-0.63,,-1.39,,-1.86,-4.32,-6.18,,,
204,North Carolina A&T,MEAC,,19,10,71.6,66.7,4.93,,-9.11,,-3.27,-2.99,-6.27,,,
205,Loyola (MD),ECACM,,16,14,69.1,68.6,0.53,,-6.58,,-2.46,-4.04,-6.51,,,
206,Western Illinois,Mid-Cont,,14,14,69.1,71.0,-1.96,,-4.00,,-2.67,-3.87,-6.55,,,
207,Bucknell,ECC,,19,10,71.4,66.9,4.55,,-8.90,,-2.55,-4.08,-6.62,,,
208,Columbia,Ivy,,13,13,59.8,61.2,-1.46,,-4.87,,-10.45,3.78,-6.67,,,
209,Idaho,Big Sky,,8,22,69.7,76.4,-6.73,,0.22,,1.82,-8.52,-6.70,,,
210,Stetson,Ind,,12,16,66.6,71.1,-4.50,,-0.73,,-4.62,-2.48,-7.10,,,
211,Charlotte,Sun Belt,,5,23,69.1,77.0,-7.89,,3.48,,0.90,-8.10,-7.20,,,
212,Akron,OVC,,12,14,62.9,63.7,-0.85,,-4.29,,-10.38,3.04,-7.33,,,
213,Duquesne,A-10,,12,18,63.1,69.6,-6.47,,0.26,,-4.44,-2.90,-7.33,,,
214,Penn State,A-10,,8,19,64.7,71.6,-6.89,,0.74,,-3.79,-3.73,-7.51,,,
215,Harvard,Ivy,,15,9,65.7,63.9,1.75,,-8.19,,-6.04,-1.48,-7.52,,,
216,Illinois-Chicago,Mid-Cont,,14,14,70.4,75.5,-5.07,,-3.68,,-0.98,-6.59,-7.57,,,
217,Lafayette,ECC,,15,13,63.9,63.8,0.14,,-6.56,,-9.07,1.47,-7.60,,,
218,Oklahoma City,MW City,,6,20,67.2,73.8,-6.58,,2.25,,-4.27,-3.39,-7.66,,,
219,Long Island University,ECACM,,15,13,76.0,73.6,2.43,,-6.92,,0.86,-8.57,-7.72,,,
220,Howard,MEAC,,16,12,70.4,63.7,6.68,,-11.35,,-9.32,1.43,-7.89,,,
221,Fairfield,MAAC,,11,17,74.8,78.2,-3.36,,-3.49,,4.14,-12.22,-8.08,,,
222,Furman,Southern,,7,21,63.1,67.9,-4.75,,-0.96,,-8.12,0.04,-8.08,,,
223,UNC Wilmington,ECACS,,12,16,66.3,67.8,-1.50,,-3.95,,-6.60,-1.59,-8.19,,,
224,Holy Cross,MAAC,,9,19,70.3,75.4,-5.14,,-2.09,,-0.50,-7.77,-8.27,,,
225,Manhattan,MAAC,,8,20,64.3,68.6,-4.32,,-4.33,,-7.39,-1.09,-8.48,,,
226,Rhode Island,A-10,,8,20,63.9,68.7,-4.82,,-1.25,,-5.91,-2.66,-8.56,,,
227,Hofstra,ECC,,14,15,74.0,73.2,0.76,,-7.70,,-0.14,-8.94,-9.08,,,
228,Eastern Washington,Ind,,12,15,68.7,71.9,-3.22,,-1.89,,-4.66,-4.58,-9.24,,,
229,Northern Iowa,Mid-Cont,,12,16,65.0,66.3,-1.29,,-4.32,,-7.87,-1.54,-9.40,,,
230,Brown,Ivy,,9,18,67.0,69.1,-2.07,,-6.67,,-3.77,-5.78,-9.55,,,
231,Princeton,Ivy,,11,15,52.2,55.0,-2.81,,-5.72,,-18.84,9.25,-9.59,,,
232,American,ECACS,,9,19,71.2,76.5,-5.29,,-1.86,,-0.29,-9.33,-9.62,,,
233,Pacific,PCAA,,9,19,63.0,71.0,-7.93,,-0.60,,-7.36,-2.36,-9.72,,,
234,Hardin-Simmons,TAAC,,11,17,66.4,67.1,-0.71,,-6.50,,-7.41,-2.41,-9.82,,,
235,Alabama State,SWAC,,14,17,72.1,74.5,-2.39,,-6.28,,-2.72,-7.28,-10.00,,,
236,Radford,Ind,,16,12,66.8,65.0,1.79,,-11.44,,-8.13,-2.19,-10.32,,,
237,East Carolina,ECACS,,7,21,64.9,71.3,-6.39,,-1.04,,-6.26,-4.34,-10.60,,,
238,East Tennessee State,Southern,,9,18,66.6,73.3,-6.70,,-3.51,,-3.52,-7.18,-10.70,,,
239,Drexel,ECC,,10,18,67.0,72.2,-5.25,,-5.66,,-4.85,-6.06,-10.91,,,
240,Green Bay,Mid-Cont,,4,24,60.5,67.6,-7.11,,-2.50,,-10.78,-0.22,-11.00,,,
241,Saint Francis (PA),ECACM,,9,19,76.4,81.7,-5.36,,-5.04,,5.50,-16.62,-11.12,,,
242,Austin Peay,OVC,,8,19,65.0,72.2,-7.19,,-2.62,,-4.37,-6.81,-11.18,,,
243,Rider,ECC,,14,15,68.9,72.0,-3.14,,-7.25,,-4.46,-6.95,-11.40,,,
244,Yale,Ivy,,14,12,69.1,71.1,-2.00,,-6.19,,-2.57,-8.84,-11.41,,,
245,Jackson State,SWAC,,10,16,68.4,72.5,-4.08,,-5.46,,-6.38,-5.12,-11.50,,,
246,UT Arlington,Southland,,12,16,74.5,79.4,-4.89,,-3.49,,0.85,-12.50,-11.65,,,
247,Robert Morris,ECACM,,9,19,65.9,70.0,-4.14,,-5.21,,-5.93,-5.77,-11.71,,,
248,Delaware,ECC,,12,16,68.8,73.2,-4.43,,-7.07,,-3.54,-8.30,-11.83,,,
249,Charleston Southern,Ind,,13,15,67.7,69.8,-2.07,,-8.84,,-6.99,-4.89,-11.88,,,
250,Monmouth,Ind,,12,15,71.6,72.6,-1.00,,-7.89,,-4.04,-7.89,-11.93,,,
251,Long Beach State,PCAA,,4,23,64.0,72.7,-8.78,,-0.90,,-6.83,-5.11,-11.94,,,
252,Brooklyn,Ind,,15,13,70.4,67.2,3.18,,-11.30,,-5.23,-6.78,-12.01,,,
253,Lehigh,ECC,,12,19,65.5,69.4,-3.87,,-6.89,,-7.37,-4.65,-12.02,,,
254,Tennessee State,Ind,,9,19,66.3,70.1,-3.89,,-6.46,,-7.11,-5.23,-12.34,,,
255,Maine,ECACN,,11,17,69.1,74.1,-4.96,,-6.54,,-2.53,-10.01,-12.54,,,
256,Hartford,ECACN,,7,21,66.7,73.9,-7.21,,-2.69,,-5.74,-6.88,-12.61,,,
257,Morehead State,OVC,,7,20,63.1,71.9,-8.81,,-0.87,,-7.28,-5.81,-13.09,,,
258,UCF,Ind,,10,18,61.6,69.8,-8.25,,-3.67,,-10.99,-2.11,-13.09,,,
259,South Carolina State,MEAC,,11,16,68.9,71.4,-2.44,,-9.54,,-7.00,-6.12,-13.13,,,
260,Wagner,ECACM,,11,17,74.3,75.8,-1.50,,-8.73,,-0.71,-12.69,-13.40,,,
261,New Hampshire,ECACN,,7,22,58.7,65.9,-7.21,,-6.27,,-12.87,-0.65,-13.52,,,
262,Florida A&M,Ind,,10,18,71.9,77.2,-5.32,,-8.69,,-0.10,-13.68,-13.77,,,
263,Valparaiso,Mid-Cont,,8,20,63.1,71.1,-8.00,,-3.65,,-7.87,-6.73,-14.61,,,
264,North Texas,Southland,,5,23,63.9,76.6,-12.68,,-0.48,,-6.87,-7.77,-14.63,,,
265,Towson,ECC,,7,21,67.1,73.5,-6.32,,-6.32,,-8.31,-6.77,-15.08,,,
266,Prairie View,SWAC,,5,22,68.4,78.5,-10.11,,-5.67,,-5.98,-9.73,-15.71,,,
267,Centenary (LA),TAAC,,7,21,66.4,75.1,-8.68,,-4.30,,-9.11,-6.74,-15.85,,,
268,Delaware State,MEAC,,12,17,69.4,72.3,-2.90,,-12.44,,-7.30,-8.85,-16.16,,,
269,Texas State,GSC,,6,20,62.3,73.5,-11.12,,-5.81,,-9.86,-6.63,-16.49,,,
270,Vermont,ECACN,,9,19,59.4,68.4,-9.00,,-5.13,,-12.56,-4.01,-16.57,,,
271,St. Francis (NY),ECACM,,7,21,58.3,65.5,-7.14,,-7.26,,-16.43,-0.59,-17.01,,,
272,Northwestern State,GSC,,3,25,66.3,79.3,-12.93,,-2.53,,-5.29,-11.95,-17.24,,,
273,Dartmouth,Ivy,,5,21,62.6,73.2,-10.54,,-6.92,,-7.21,-10.07,-17.28,,,
274,Campbell,Ind,,5,22,60.6,71.3,-10.70,,-4.10,,-11.17,-6.20,-17.36,,,
275,Colgate,ECACN,,5,21,49.3,55.8,-6.54,,-7.02,,-25.17,6.74,-18.43,,,
276,Grambling,SWAC,,8,19,62.6,71.9,-9.22,,-7.49,,-14.50,-4.32,-18.82,,,
277,Augusta,Ind,,8,20,64.5,75.8,-11.29,,-7.05,,-9.34,-9.71,-19.05,,,
278,Georgia State,TAAC,,2,26,66.4,83.8,-17.32,,-3.84,,-5.42,-16.93,-22.34,,,
279,Bethune-Cookman,MEAC,,8,19,67.7,78.6,-10.93,,-11.05,,-8.45,-15.37,-23.81,,,
280,Maryland-Eastern Shore,MEAC,,3,25,60.5,76.6,-16.07,,-9.55,,-14.69,-12.98,-27.67,,,
281,Morgan State,MEAC,,3,25,67.7,91.4,-23.68,,-6.78,,-3.51,-26.50,-30.01,,,
282,U.S. International,Ind,,1,27,54.9,82.8,-27.93,,-2.60,,-17.32,-14.41,-31.72,,,